"Type","Status","Last Updated","Nationality","2017","2018","2019","2020","2021","2022","2023","2024"
"short term visa applications","Received","29/02/2024","Afghanistan","128","127","178","58","67","189","338","56"
"short term visa applications","Received","29/02/2024","Albania","409","528","521","109","159","571","680","114"
"short term visa applications","Received","29/02/2024","Algeria","371","369","519","102","82","339","608","139"
"short term visa applications","Received","29/02/2024","Angola","78","122","79","10","8","88","140","25"
"short term visa applications","Received","29/02/2024","Armenia","174","164","270","41","27","241","339","68"
"short term visa applications","Received","29/02/2024","Azerbaijan","179","213","237","49","77","207","244","38"
"short term visa applications","Received","29/02/2024","Bahrain","249","213","252","42","83","196","166","20"
"short term visa applications","Received","29/02/2024","Bangladesh","627","584","672","111","103","645","1120","220"
"short term visa applications","Received","29/02/2024","Belarus","1423","1509","1484","248","120","433","475","101"
"short term visa applications","Received","29/02/2024","Benin","18","23","33","5","*","11","28","5"
"short term visa applications","Received","29/02/2024","Bhutan","13","15","9","*","*","*","*","0"
"short term visa applications","Received","29/02/2024","Bosnia and Herzegovina","436","571","462","111","66","347","372","96"
"short term visa applications","Received","29/02/2024","Burkina Faso","22","24","21","6","*","18","10","6"
"short term visa applications","Received","29/02/2024","Burundi","38","24","20","*","*","18","55","*"
"short term visa applications","Received","29/02/2024","Cabo Verde","8","14","16","*","*","9","6","*"
"short term visa applications","Received","29/02/2024","Cambodia","55","52","48","11","*","33","78","6"
"short term visa applications","Received","29/02/2024","Cameroon","244","239","290","46","39","180","293","57"
"short term visa applications","Received","29/02/2024","Central African Republic (the)","5","9","8","*","0","*","*","*"
"short term visa applications","Received","29/02/2024","Chad","12","6","11","4","0","*","*","*"
"short term visa applications","Received","29/02/2024","China","13693","17028","19320","1391","713","3657","11623","1365"
"short term visa applications","Received","29/02/2024","Colombia","1312","1407","1532","221","159","979","1384","168"
"short term visa applications","Received","29/02/2024","Comoros (the)","19","6","6","0","*","11","8","*"
"short term visa applications","Received","29/02/2024","Congo (the Democratic Republic of the)","346","421","224","72","23","243","301","23"
"short term visa applications","Received","29/02/2024","Congo (the)","36","29","31","14","*","16","32","6"
"short term visa applications","Received","29/02/2024","Côte d'Ivoire","58","72","58","23","8","70","47","*"
"short term visa applications","Received","29/02/2024","Cuba","95","142","265","11","9","81","62","7"
"short term visa applications","Received","29/02/2024","Djibouti","15","8","9","*","*","8","7","0"
"short term visa applications","Received","29/02/2024","Dominican Republic (the)","94","132","119","23","16","105","196","16"
"short term visa applications","Received","29/02/2024","Ecuador","266","302","348","47","18","170","275","48"
"short term visa applications","Received","29/02/2024","Egypt","1688","1893","2066","392","250","1387","1838","231"
"short term visa applications","Received","29/02/2024","Equatorial Guinea","*","4","7","0","0","*","*","0"
"short term visa applications","Received","29/02/2024","Eritrea","30","43","49","10","8","60","53","6"
"short term visa applications","Received","29/02/2024","Ethiopia","298","377","320","34","55","269","369","34"
"short term visa applications","Received","29/02/2024","Faroe Islands (the)","0","0","0","0","*","0","0","0"
"short term visa applications","Received","29/02/2024","Gabon","12","19","24","5","0","7","6","*"
"short term visa applications","Received","29/02/2024","Gambia (the)","44","30","38","12","11","83","61","10"
"short term visa applications","Received","29/02/2024","Georgia","489","390","557","137","116","644","644","78"
"short term visa applications","Received","29/02/2024","Ghana","537","600","572","121","139","610","667","171"
"short term visa applications","Received","29/02/2024","Guinea","46","31","40","12","8","27","48","7"
"short term visa applications","Received","29/02/2024","Guinea-Bissau","6","6","*","4","0","4","7","0"
"short term visa applications","Received","29/02/2024","Haiti","42","74","21","7","*","8","25","0"
"short term visa applications","Received","29/02/2024","India","18570","21831","24305","5190","4173","24347","35066","6184"
"short term visa applications","Received","29/02/2024","Indonesia","2660","3175","3457","581","172","731","970","154"
"short term visa applications","Received","29/02/2024","Iran (Islamic Republic of)","923","945","765","160","155","700","923","136"
"short term visa applications","Received","29/02/2024","Iraq","294","257","274","38","50","494","458","109"
"short term visa applications","Received","29/02/2024","Jamaica","178","191","182","22","28","114","152","18"
"short term visa applications","Received","29/02/2024","Jordan","698","860","842","167","135","782","772","88"
"short term visa applications","Received","29/02/2024","Kazakhstan","449","501","414","93","57","250","368","43"
"short term visa applications","Received","29/02/2024","Kenya","682","816","678","132","121","748","905","130"
"short term visa applications","Received","29/02/2024","Korea (the Democratic People's Republic of) North Korea","*","*","0","0","0","0","0","0"
"short term visa applications","Received","29/02/2024","Kosovo","257","207","197","41","42","197","177","43"
"short term visa applications","Received","29/02/2024","Kuwait","1053","1184","1225","180","568","1032","983","112"
"short term visa applications","Received","29/02/2024","Kyrgyzstan","98","61","63","22","10","51","49","8"
"short term visa applications","Received","29/02/2024","Lao People's Democratic Republic (the)","16","18","9","10","0","15","20","*"
"short term visa applications","Received","29/02/2024","Lebanon","999","1038","1067","187","132","664","806","106"
"short term visa applications","Received","29/02/2024","Liberia","32","32","27","7","0","47","43","4"
"short term visa applications","Received","29/02/2024","Libya","86","101","135","29","19","67","67","16"
"short term visa applications","Received","29/02/2024","Madagascar","39","29","29","17","*","29","32","5"
"short term visa applications","Received","29/02/2024","Malawi","245","265","276","41","45","394","426","75"
"short term visa applications","Received","29/02/2024","Mali","34","15","27","*","0","18","33","*"
"short term visa applications","Received","29/02/2024","Marshall Islands (the)","0","0","*","0","0","*","0","0"
"short term visa applications","Received","29/02/2024","Mauritania","5","6","7","0","*","7","8","0"
"short term visa applications","Received","29/02/2024","Mauritius","333","275","377","61","41","281","324","52"
"short term visa applications","Received","29/02/2024","Micronesia (Federated States of)","*","*","*","0","0","*","*","0"
"short term visa applications","Received","29/02/2024","Moldova (the Republic of)","499","628","720","228","181","569","830","107"
"short term visa applications","Received","29/02/2024","Mongolia","257","359","348","35","46","260","345","49"
"short term visa applications","Received","29/02/2024","Montenegro","93","97","171","20","8","102","84","17"
"short term visa applications","Received","29/02/2024","Morocco","810","998","1138","196","139","668","762","136"
"short term visa applications","Received","29/02/2024","Mozambique","59","39","42","6","5","52","55","10"
"short term visa applications","Received","29/02/2024","Myanmar","75","106","108","11","7","70","74","18"
"short term visa applications","Received","29/02/2024","Namibia","67","99","90","17","7","69","85","27"
"short term visa applications","Received","29/02/2024","Nepal","313","289","331","62","63","338","420","70"
"short term visa applications","Received","29/02/2024","Niger (the)","8","8","7","4","0","*","6","*"
"short term visa applications","Received","29/02/2024","Nigeria","5128","5683","6527","1234","1250","6186","5947","1009"
"short term visa applications","Received","29/02/2024","North Macedonia","368","441","420","98","70","283","272","50"
"short term visa applications","Received","29/02/2024","Oman","579","652","477","41","121","339","336","19"
"short term visa applications","Received","29/02/2024","Pakistan","3578","5251","3333","760","709","4258","6346","1310"
"short term visa applications","Received","29/02/2024","Palau","*","0","13","*","0","*","*","0"
"short term visa applications","Received","29/02/2024","Palestine, State of","333","376","400","58","52","296","314","45"
"short term visa applications","Received","29/02/2024","Papua New Guinea","7","9","12","*","0","10","7","*"
"short term visa applications","Received","29/02/2024","Peru","534","524","605","108","40","321","450","73"
"short term visa applications","Received","29/02/2024","Philippines (the)","3621","3886","4201","852","477","2740","3413","500"
"short term visa applications","Received","29/02/2024","Qatar","48","67","78","11","80","71","67","7"
"short term visa applications","Received","29/02/2024","Russian Federation (the)","13414","13989","17707","3046","1152","3164","3278","473"
"short term visa applications","Received","29/02/2024","Rwanda","66","72","49","10","8","60","69","11"
"short term visa applications","Received","29/02/2024","Sao Tome and Principe","0","7","0","0","*","*","*","0"
"short term visa applications","Received","29/02/2024","Saudi Arabia","2990","2817","2442","312","359","1209","1100","108"
"short term visa applications","Received","29/02/2024","Senegal","73","74","117","20","8","66","73","27"
"short term visa applications","Received","29/02/2024","Serbia","1460","1309","1406","309","323","1016","1315","163"
"short term visa applications","Received","29/02/2024","Sierra Leone","104","127","127","32","16","203","166","16"
"short term visa applications","Received","29/02/2024","Somalia","35","70","87","41","34","128","201","66"
"short term visa applications","Received","29/02/2024","South Sudan","0","13","10","0","*","8","19","*"
"short term visa applications","Received","29/02/2024","Sri Lanka","763","717","886","184","101","569","749","115"
"short term visa applications","Received","29/02/2024","Sudan (the)","1236","1539","1590","230","334","1410","968","68"
"short term visa applications","Received","29/02/2024","Suriname","*","5","6","0","0","*","5","0"
"short term visa applications","Received","29/02/2024","Syrian Arab Republic (the)","339","434","622","68","97","394","378","63"
"short term visa applications","Received","29/02/2024","Tajikistan","11","21","30","6","6","22","22","6"
"short term visa applications","Received","29/02/2024","Tanzania, the United Republic of","203","315","159","43","45","219","380","43"
"short term visa applications","Received","29/02/2024","Thailand","1499","1517","1382","315","189","964","1149","209"
"short term visa applications","Received","29/02/2024","Timor-Leste","*","4","*","*","*","6","10","*"
"short term visa applications","Received","29/02/2024","Togo","36","31","33","*","4","39","24","11"
"short term visa applications","Received","29/02/2024","Tunisia","352","366","399","83","75","341","386","96"
"short term visa applications","Received","29/02/2024","Turkiye","4493","4533","4435","900","791","3590","4862","798"
"short term visa applications","Received","29/02/2024","Turkmenistan","15","14","8","*","4","12","14","0"
"short term visa applications","Received","29/02/2024","Uganda","344","485","484","96","65","560","694","78"
"short term visa applications","Received","29/02/2024","Uzbekistan","136","73","87","16","11","97","73","6"
"short term visa applications","Received","29/02/2024","Venezuela (Bolivarian Republic of)","547","565","525","74","71","373","455","67"
"short term visa applications","Received","29/02/2024","Viet Nam","812","942","935","146","52","585","790","100"
"short term visa applications","Received","29/02/2024","Yemen","124","131","117","13","34","105","89","*"
"short term visa applications","Received","29/02/2024","Zambia","240","242","215","52","33","175","330","55"
"short term visa applications","Received","29/02/2024","Zimbabwe","592","763","675","128","172","566","920","130"
"short term visa applications","Received","29/02/2024","*Other","4659","4256","5221","1012","1003","559","353","58"
"short term visa applications","Granted","29/02/2024","Afghanistan","41","37","96","22","31","134","207","48"
"short term visa applications","Granted","29/02/2024","Albania","322","397","429","50","114","494","488","47"
"short term visa applications","Granted","29/02/2024","Algeria","242","256","361","67","33","170","324","72"
"short term visa applications","Granted","29/02/2024","Angola","48","66","51","8","6","48","67","9"
"short term visa applications","Granted","29/02/2024","Armenia","168","158","268","33","25","230","324","31"
"short term visa applications","Granted","29/02/2024","Azerbaijan","170","198","220","37","73","188","216","37"
"short term visa applications","Granted","29/02/2024","Bahrain","244","211","241","42","76","191","157","23"
"short term visa applications","Granted","29/02/2024","Bangladesh","400","434","467","68","68","473","673","119"
"short term visa applications","Granted","29/02/2024","Belarus","1379","1421","1414","222","110","387","449","62"
"short term visa applications","Granted","29/02/2024","Benin","18","17","26","4","0","*","11","*"
"short term visa applications","Granted","29/02/2024","Bhutan","12","13","8","*","0","*","*","0"
"short term visa applications","Granted","29/02/2024","Bosnia and Herzegovina","406","526","386","110","60","320","344","76"
"short term visa applications","Granted","29/02/2024","Burkina Faso","19","20","18","5","*","14","8","5"
"short term visa applications","Granted","29/02/2024","Burundi","32","19","18","0","*","7","9","0"
"short term visa applications","Granted","29/02/2024","Cabo Verde","8","13","16","*","*","7","6","0"
"short term visa applications","Granted","29/02/2024","Cambodia","52","41","41","14","*","31","70","*"
"short term visa applications","Granted","29/02/2024","Cameroon","166","151","138","37","26","100","158","19"
"short term visa applications","Granted","29/02/2024","Central African Republic (the)","5","9","*","0","0","*","*","*"
"short term visa applications","Granted","29/02/2024","Chad","9","5","9","*","0","*","*","*"
"short term visa applications","Granted","29/02/2024","China","13055","16124","18468","1469","602","3385","10469","1478"
"short term visa applications","Granted","29/02/2024","Colombia","1272","1368","1462","174","129","918","1298","128"
"short term visa applications","Granted","29/02/2024","Comoros (the)","17","4","5","0","*","5","*","0"
"short term visa applications","Granted","29/02/2024","Congo (the Democratic Republic of the)","213","136","116","13","14","98","132","16"
"short term visa applications","Granted","29/02/2024","Congo (the)","17","7","16","12","0","12","18","0"
"short term visa applications","Granted","29/02/2024","Côte d'Ivoire","48","55","38","21","*","45","34","*"
"short term visa applications","Granted","29/02/2024","Cuba","84","136","259","7","7","56","45","6"
"short term visa applications","Granted","29/02/2024","Djibouti","10","8","6","0","0","7","*","0"
"short term visa applications","Granted","29/02/2024","Dominican Republic (the)","89","124","113","16","12","98","173","12"
"short term visa applications","Granted","29/02/2024","Ecuador","247","291","313","34","8","150","234","51"
"short term visa applications","Granted","29/02/2024","Egypt","1452","1650","1817","340","210","1171","1585","203"
"short term visa applications","Granted","29/02/2024","Equatorial Guinea","*","0","5","0","0","*","*","0"
"short term visa applications","Granted","29/02/2024","Eritrea","18","21","18","4","5","36","35","*"
"short term visa applications","Granted","29/02/2024","Ethiopia","237","292","254","20","33","176","248","19"
"short term visa applications","Granted","29/02/2024","Faroe Islands (the)","0","0","0","0","0","0","0","0"
"short term visa applications","Granted","29/02/2024","Gabon","10","13","21","4","0","6","5","*"
"short term visa applications","Granted","29/02/2024","Gambia (the)","24","31","13","13","13","17","16","*"
"short term visa applications","Granted","29/02/2024","Georgia","325","300","451","108","88","445","519","61"
"short term visa applications","Granted","29/02/2024","Ghana","314","370","346","64","68","280","359","68"
"short term visa applications","Granted","29/02/2024","Guinea","19","20","28","*","7","14","24","5"
"short term visa applications","Granted","29/02/2024","Guinea-Bissau","*","4","*","*","*","4","6","*"
"short term visa applications","Granted","29/02/2024","Haiti","42","69","21","4","*","5","21","0"
"short term visa applications","Granted","29/02/2024","India","17544","19704","23262","5076","3384","22756","32801","5441"
"short term visa applications","Granted","29/02/2024","Indonesia","2599","3086","3382","470","150","678","903","127"
"short term visa applications","Granted","29/02/2024","Iran (Islamic Republic of)","722","721","634","119","83","574","731","86"
"short term visa applications","Granted","29/02/2024","Iraq","133","152","150","26","31","277","316","57"
"short term visa applications","Granted","29/02/2024","Jamaica","142","159","149","10","14","93","127","9"
"short term visa applications","Granted","29/02/2024","Jordan","623","747","725","119","97","596","702","64"
"short term visa applications","Granted","29/02/2024","Kazakhstan","422","469","388","67","51","219","359","37"
"short term visa applications","Granted","29/02/2024","Kenya","600","743","618","112","87","620","713","76"
"short term visa applications","Granted","29/02/2024","Korea (the Democratic People's Republic of) North Korea","*","*","0","0","0","0","0","0"
"short term visa applications","Granted","29/02/2024","Kosovo","228","176","175","23","26","179","149","16"
"short term visa applications","Granted","29/02/2024","Kuwait","1029","1128","1070","146","500","1000","918","127"
"short term visa applications","Granted","29/02/2024","Kyrgyzstan","64","55","47","17","10","44","42","4"
"short term visa applications","Granted","29/02/2024","Lao People's Democratic Republic (the)","16","17","7","9","0","13","16","0"
"short term visa applications","Granted","29/02/2024","Lebanon","947","980","1004","168","99","572","767","104"
"short term visa applications","Granted","29/02/2024","Liberia","22","20","14","4","0","20","20","*"
"short term visa applications","Granted","29/02/2024","Libya","31","45","98","10","10","48","41","16"
"short term visa applications","Granted","29/02/2024","Madagascar","21","26","28","9","*","23","30","*"
"short term visa applications","Granted","29/02/2024","Malawi","152","151","206","23","28","192","269","15"
"short term visa applications","Granted","29/02/2024","Mali","32","11","25","*","0","14","22","*"
"short term visa applications","Granted","29/02/2024","Marshall Islands (the)","0","0","*","0","0","*","0","0"
"short term visa applications","Granted","29/02/2024","Mauritania","4","*","7","0","*","*","4","0"
"short term visa applications","Granted","29/02/2024","Mauritius","261","244","338","36","32","238","297","32"
"short term visa applications","Granted","29/02/2024","Micronesia (Federated States of)","*","*","*","0","0","*","*","0"
"short term visa applications","Granted","29/02/2024","Moldova (the Republic of)","466","583","602","167","130","515","771","88"
"short term visa applications","Granted","29/02/2024","Mongolia","177","254","255","30","28","195","283","54"
"short term visa applications","Granted","29/02/2024","Montenegro","94","88","172","7","7","99","84","13"
"short term visa applications","Granted","29/02/2024","Morocco","704","880","946","144","94","534","671","106"
"short term visa applications","Granted","29/02/2024","Mozambique","50","29","35","5","4","48","52","4"
"short term visa applications","Granted","29/02/2024","Myanmar","69","93","95","5","5","49","62","8"
"short term visa applications","Granted","29/02/2024","Namibia","66","98","86","19","6","55","81","24"
"short term visa applications","Granted","29/02/2024","Nepal","237","240","261","50","34","281","318","45"
"short term visa applications","Granted","29/02/2024","Niger (the)","6","5","8","*","0","*","4","*"
"short term visa applications","Granted","29/02/2024","Nigeria","2926","3543","3000","572","556","3040","3690","594"
"short term visa applications","Granted","29/02/2024","North Macedonia","361","433","402","79","52","230","266","30"
"short term visa applications","Granted","29/02/2024","Oman","573","653","459","32","105","334","307","28"
"short term visa applications","Granted","29/02/2024","Pakistan","1961","2221","2183","476","414","2483","3509","525"
"short term visa applications","Granted","29/02/2024","Palau","*","0","13","*","0","*","*","0"
"short term visa applications","Granted","29/02/2024","Palestine, State of","243","269","247","33","25","202","245","26"
"short term visa applications","Granted","29/02/2024","Papua New Guinea","7","9","12","*","0","8","9","0"
"short term visa applications","Granted","29/02/2024","Peru","524","501","551","77","27","293","424","46"
"short term visa applications","Granted","29/02/2024","Philippines (the)","3065","3346","3426","671","377","2336","2985","265"
"short term visa applications","Granted","29/02/2024","Qatar","46","51","71","4","75","64","49","7"
"short term visa applications","Granted","29/02/2024","Russian Federation (the)","13101","13374","17191","2687","1041","2594","3014","343"
"short term visa applications","Granted","29/02/2024","Rwanda","56","60","42","7","5","45","51","*"
"short term visa applications","Granted","29/02/2024","Sao Tome and Principe","0","5","0","0","*","*","*","0"
"short term visa applications","Granted","29/02/2024","Saudi Arabia","2881","2772","2362","303","331","1163","1061","115"
"short term visa applications","Granted","29/02/2024","Senegal","61","60","105","10","4","46","57","20"
"short term visa applications","Granted","29/02/2024","Serbia","1402","1258","1366","222","306","990","1230","126"
"short term visa applications","Granted","29/02/2024","Sierra Leone","46","90","69","16","8","117","71","5"
"short term visa applications","Granted","29/02/2024","Somalia","7","24","36","*","10","50","70","11"
"short term visa applications","Granted","29/02/2024","South Sudan","0","8","10","0","*","8","9","0"
"short term visa applications","Granted","29/02/2024","Sri Lanka","704","592","709","147","81","460","666","113"
"short term visa applications","Granted","29/02/2024","Sudan (the)","750","878","772","70","144","789","505","40"
"short term visa applications","Granted","29/02/2024","Suriname","*","4","6","0","0","*","*","*"
"short term visa applications","Granted","29/02/2024","Syrian Arab Republic (the)","223","296","288","42","36","230","262","27"
"short term visa applications","Granted","29/02/2024","Tajikistan","9","16","20","5","5","18","17","7"
"short term visa applications","Granted","29/02/2024","Tanzania, the United Republic of","169","245","127","28","29","164","217","19"
"short term visa applications","Granted","29/02/2024","Thailand","1368","1398","1265","218","148","913","1075","136"
"short term visa applications","Granted","29/02/2024","Timor-Leste","*","4","*","*","0","7","5","0"
"short term visa applications","Granted","29/02/2024","Togo","17","28","25","*","*","26","18","0"
"short term visa applications","Granted","29/02/2024","Tunisia","299","322","334","67","48","234","319","77"
"short term visa applications","Granted","29/02/2024","Turkiye","4393","4336","4090","830","571","3281","4041","651"
"short term visa applications","Granted","29/02/2024","Turkmenistan","13","13","5","0","5","11","11","*"
"short term visa applications","Granted","29/02/2024","Uganda","288","331","350","60","42","296","310","51"
"short term visa applications","Granted","29/02/2024","Uzbekistan","88","59","81","11","9","84","65","6"
"short term visa applications","Granted","29/02/2024","Venezuela (Bolivarian Republic of)","522","523","461","54","52","316","416","44"
"short term visa applications","Granted","29/02/2024","Viet Nam","734","815","865","93","34","497","665","67"
"short term visa applications","Granted","29/02/2024","Yemen","35","50","54","6","12","47","51","4"
"short term visa applications","Granted","29/02/2024","Zambia","209","200","161","48","20","114","251","19"
"short term visa applications","Granted","29/02/2024","Zimbabwe","468","576","494","80","138","417","625","93"
"short term visa applications","Granted","29/02/2024","*Other","4238","3784","4512","868","837","522","307","42"
"short term visa applications","Refused","29/02/2024","Afghanistan","480","433","86","39","28","56","87","15"
"short term visa applications","Refused","29/02/2024","Albania","73","106","93","15","6","63","126","55"
"short term visa applications","Refused","29/02/2024","Algeria","121","116","148","35","20","153","272","80"
"short term visa applications","Refused","29/02/2024","Angola","25","54","27","*","*","12","59","16"
"short term visa applications","Refused","29/02/2024","Armenia","5","*","7","*","*","4","4","0"
"short term visa applications","Refused","29/02/2024","Azerbaijan","5","13","16","*","*","9","26","*"
"short term visa applications","Refused","29/02/2024","Bahrain","4","10","7","*","4","9","*","*"
"short term visa applications","Refused","29/02/2024","Bangladesh","230","200","218","57","40","106","297","198"
"short term visa applications","Refused","29/02/2024","Belarus","51","85","101","21","5","8","14","*"
"short term visa applications","Refused","29/02/2024","Benin","9","5","5","*","*","7","15","5"
"short term visa applications","Refused","29/02/2024","Bhutan","0","*","*","0","0","0","0","0"
"short term visa applications","Refused","29/02/2024","Bosnia and Herzegovina","14","21","38","7","*","7","11","4"
"short term visa applications","Refused","29/02/2024","Burkina Faso","*","*","4","0","*","*","4","*"
"short term visa applications","Refused","29/02/2024","Burundi","*","4","*","*","0","6","48","*"
"short term visa applications","Refused","29/02/2024","Cabo Verde","0","*","0","0","0","*","0","0"
"short term visa applications","Refused","29/02/2024","Cambodia","*","*","7","0","0","*","4","0"
"short term visa applications","Refused","29/02/2024","Cameroon","78","78","132","14","8","42","119","35"
"short term visa applications","Refused","29/02/2024","Central African Republic (the)","0","0","*","0","0","0","0","0"
"short term visa applications","Refused","29/02/2024","Chad","*","0","*","*","0","0","0","0"
"short term visa applications","Refused","29/02/2024","China","455","612","627","78","36","81","327","47"
"short term visa applications","Refused","29/02/2024","Colombia","15","17","24","*","8","17","16","*"
"short term visa applications","Refused","29/02/2024","Comoros (the)","*","*","0","*","0","6","5","0"
"short term visa applications","Refused","29/02/2024","Congo (the Democratic Republic of the)","106","232","93","33","7","93","144","14"
"short term visa applications","Refused","29/02/2024","Congo (the)","18","23","15","*","0","*","10","*"
"short term visa applications","Refused","29/02/2024","Côte d'Ivoire","7","14","11","4","*","15","11","0"
"short term visa applications","Refused","29/02/2024","Cuba","*","6","6","*","*","14","15","*"
"short term visa applications","Refused","29/02/2024","Djibouti","6","0","*","0","*","*","4","0"
"short term visa applications","Refused","29/02/2024","Dominican Republic (the)","5","*","*","4","*","*","11","*"
"short term visa applications","Refused","29/02/2024","Ecuador","11","5","5","4","*","*","5","0"
"short term visa applications","Refused","29/02/2024","Egypt","279","175","191","66","22","133","245","36"
"short term visa applications","Refused","29/02/2024","Equatorial Guinea","*","5","*","0","0","0","0","0"
"short term visa applications","Refused","29/02/2024","Eritrea","12","19","32","8","*","11","11","6"
"short term visa applications","Refused","29/02/2024","Ethiopia","42","106","65","10","6","85","105","25"
"short term visa applications","Refused","29/02/2024","Faroe Islands (the)","0","0","0","0","0","*","0","0"
"short term visa applications","Refused","29/02/2024","Gabon","*","6","*","*","0","*","0","0"
"short term visa applications","Refused","29/02/2024","Gambia (the)","25","10","12","7","*","59","49","6"
"short term visa applications","Refused","29/02/2024","Georgia","135","100","92","5","9","106","148","4"
"short term visa applications","Refused","29/02/2024","Ghana","223","234","203","45","32","367","267","99"
"short term visa applications","Refused","29/02/2024","Guinea","25","11","15","6","*","10","23","*"
"short term visa applications","Refused","29/02/2024","Guinea-Bissau","*","*","*","0","0","0","0","0"
"short term visa applications","Refused","29/02/2024","Haiti","0","*","*","0","0","*","*","0"
"short term visa applications","Refused","29/02/2024","India","861","1079","1557","326","237","1262","1264","169"
"short term visa applications","Refused","29/02/2024","Indonesia","22","25","20","*","*","6","28","9"
"short term visa applications","Refused","29/02/2024","Iran (Islamic Republic of)","177","231","121","12","24","91","113","19"
"short term visa applications","Refused","29/02/2024","Iraq","303","92","109","17","15","131","120","25"
"short term visa applications","Refused","29/02/2024","Jamaica","13","19","23","*","5","16","9","*"
"short term visa applications","Refused","29/02/2024","Jordan","73","93","140","41","28","147","97","9"
"short term visa applications","Refused","29/02/2024","Kazakhstan","26","38","28","21","0","*","10","0"
"short term visa applications","Refused","29/02/2024","Kenya","56","62","51","21","19","114","144","30"
"short term visa applications","Refused","29/02/2024","Korea (the Democratic People's Republic of) North Korea","0","0","0","0","0","0","0","0"
"short term visa applications","Refused","29/02/2024","Kosovo","16","22","16","6","*","5","9","4"
"short term visa applications","Refused","29/02/2024","Kuwait","37","61","171","39","20","49","42","5"
"short term visa applications","Refused","29/02/2024","Kyrgyzstan","38","9","17","*","0","4","*","0"
"short term visa applications","Refused","29/02/2024","Lao People's Democratic Republic (the)","*","*","*","0","0","0","*","*"
"short term visa applications","Refused","29/02/2024","Lebanon","80","61","46","28","12","63","44","5"
"short term visa applications","Refused","29/02/2024","Liberia","8","6","12","0","0","6","21","0"
"short term visa applications","Refused","29/02/2024","Libya","37","48","47","17","*","14","19","0"
"short term visa applications","Refused","29/02/2024","Madagascar","*","*","4","0","0","*","*","0"
"short term visa applications","Refused","29/02/2024","Malawi","88","117","61","12","8","185","179","4"
"short term visa applications","Refused","29/02/2024","Mali","4","*","*","*","0","*","9","*"
"short term visa applications","Refused","29/02/2024","Marshall Islands (the)","0","0","0","0","0","0","0","0"
"short term visa applications","Refused","29/02/2024","Mauritania","0","*","0","0","0","*","*","0"
"short term visa applications","Refused","29/02/2024","Mauritius","81","21","34","6","7","21","13","*"
"short term visa applications","Refused","29/02/2024","Micronesia (Federated States of)","0","0","*","0","0","0","0","0"
"short term visa applications","Refused","29/02/2024","Moldova (the Republic of)","38","32","94","15","19","93","34","7"
"short term visa applications","Refused","29/02/2024","Mongolia","77","103","114","11","4","48","67","8"
"short term visa applications","Refused","29/02/2024","Montenegro","*","*","*","0","0","0","0","0"
"short term visa applications","Refused","29/02/2024","Morocco","114","89","212","67","24","79","91","16"
"short term visa applications","Refused","29/02/2024","Mozambique","6","9","*","*","0","*","*","*"
"short term visa applications","Refused","29/02/2024","Myanmar","*","8","11","0","0","15","7","*"
"short term visa applications","Refused","29/02/2024","Namibia","*","*","*","0","0","4","8","*"
"short term visa applications","Refused","29/02/2024","Nepal","72","53","68","15","16","46","88","10"
"short term visa applications","Refused","29/02/2024","Niger (the)","*","0","*","0","0","*","*","0"
"short term visa applications","Refused","29/02/2024","Nigeria","2265","2346","3157","754","353","3065","2323","382"
"short term visa applications","Refused","29/02/2024","North Macedonia","9","7","9","0","6","15","*","*"
"short term visa applications","Refused","29/02/2024","Oman","*","*","21","*","8","10","13","*"
"short term visa applications","Refused","29/02/2024","Pakistan","2748","3742","1297","290","207","1533","2668","871"
"short term visa applications","Refused","29/02/2024","Palau","0","0","0","0","0","0","0","0"
"short term visa applications","Refused","29/02/2024","Palestine, State of","75","129","164","30","20","94","43","19"
"short term visa applications","Refused","29/02/2024","Papua New Guinea","0","0","0","0","0","0","0","0"
"short term visa applications","Refused","29/02/2024","Peru","6","7","18","8","*","8","6","0"
"short term visa applications","Refused","29/02/2024","Philippines (the)","613","584","710","129","45","292","382","28"
"short term visa applications","Refused","29/02/2024","Qatar","0","16","8","*","0","9","12","*"
"short term visa applications","Refused","29/02/2024","Russian Federation (the)","259","419","688","214","24","99","101","5"
"short term visa applications","Refused","29/02/2024","Rwanda","9","16","7","0","0","6","13","0"
"short term visa applications","Refused","29/02/2024","Sao Tome and Principe","0","*","0","0","0","0","*","*"
"short term visa applications","Refused","29/02/2024","Saudi Arabia","22","32","23","12","*","18","25","0"
"short term visa applications","Refused","29/02/2024","Senegal","11","9","13","4","*","13","18","4"
"short term visa applications","Refused","29/02/2024","Serbia","10","29","25","*","*","11","25","8"
"short term visa applications","Refused","29/02/2024","Sierra Leone","66","28","46","9","4","80","77","12"
"short term visa applications","Refused","29/02/2024","Somalia","32","48","54","17","13","84","75","38"
"short term visa applications","Refused","29/02/2024","South Sudan","0","4","0","0","0","0","4","0"
"short term visa applications","Refused","29/02/2024","Sri Lanka","74","118","198","57","8","68","59","4"
"short term visa applications","Refused","29/02/2024","Sudan (the)","491","656","856","134","75","610","536","35"
"short term visa applications","Refused","29/02/2024","Suriname","0","*","0","0","0","0","0","0"
"short term visa applications","Refused","29/02/2024","Syrian Arab Republic (the)","123","143","319","32","41","152","107","14"
"short term visa applications","Refused","29/02/2024","Tajikistan","*","*","12","0","*","*","*","*"
"short term visa applications","Refused","29/02/2024","Tanzania, the United Republic of","23","49","40","5","11","33","107","29"
"short term visa applications","Refused","29/02/2024","Thailand","92","97","77","16","10","35","62","7"
"short term visa applications","Refused","29/02/2024","Timor-Leste","0","0","0","0","0","*","5","0"
"short term visa applications","Refused","29/02/2024","Togo","25","6","11","*","0","7","6","8"
"short term visa applications","Refused","29/02/2024","Tunisia","43","58","55","20","11","70","87","5"
"short term visa applications","Refused","29/02/2024","Turkiye","170","185","225","52","11","278","764","75"
"short term visa applications","Refused","29/02/2024","Turkmenistan","4","*","*","0","0","0","*","0"
"short term visa applications","Refused","29/02/2024","Uganda","69","94","134","41","4","174","239","*"
"short term visa applications","Refused","29/02/2024","Uzbekistan","48","9","9","5","*","5","6","0"
"short term visa applications","Refused","29/02/2024","Venezuela (Bolivarian Republic of)","11","22","31","12","*","12","16","*"
"short term visa applications","Refused","29/02/2024","Viet Nam","50","85","70","12","8","47","91","8"
"short term visa applications","Refused","29/02/2024","Yemen","86","91","57","9","13","60","33","*"
"short term visa applications","Refused","29/02/2024","Zambia","18","36","38","5","4","44","58","9"
"short term visa applications","Refused","29/02/2024","Zimbabwe","116","173","185","34","20","108","253","34"
"short term visa applications","Refused","29/02/2024","*Other","407","420","767","148","26","35","43","6"
"long term visa applications","Received","29/02/2024","Afghanistan","182","152","184","148","655","391","811","159"
"long term visa applications","Received","29/02/2024","Albania","35","41","56","44","72","86","65","7"
"long term visa applications","Received","29/02/2024","Algeria","66","78","58","188","81","148","183","40"
"long term visa applications","Received","29/02/2024","Angola","4","5","8","7","6","21","19","*"
"long term visa applications","Received","29/02/2024","Armenia","14","32","10","12","18","39","18","*"
"long term visa applications","Received","29/02/2024","Azerbaijan","17","18","26","12","31","64","29","*"
"long term visa applications","Received","29/02/2024","Bahrain","25","22","25","11","40","28","23","0"
"long term visa applications","Received","29/02/2024","Bangladesh","193","205","198","153","187","477","567","68"
"long term visa applications","Received","29/02/2024","Belarus","51","52","57","51","71","166","85","8"
"long term visa applications","Received","29/02/2024","Benin","*","7","5","*","4","8","6","0"
"long term visa applications","Received","29/02/2024","Bhutan","*","0","0","0","*","0","*","0"
"long term visa applications","Received","29/02/2024","Bosnia and Herzegovina","37","37","36","29","36","62","9","*"
"long term visa applications","Received","29/02/2024","Burkina Faso","*","*","*","*","7","*","4","0"
"long term visa applications","Received","29/02/2024","Burundi","11","5","4","*","6","*","19","*"
"long term visa applications","Received","29/02/2024","Cabo Verde","*","*","0","*","0","*","4","0"
"long term visa applications","Received","29/02/2024","Cambodia","4","*","6","6","8","75","19","*"
"long term visa applications","Received","29/02/2024","Cameroon","55","50","65","29","53","98","127","7"
"long term visa applications","Received","29/02/2024","Central African Republic (the)","4","0","0","0","*","*","0","0"
"long term visa applications","Received","29/02/2024","Chad","*","*","0","0","*","*","0","0"
"long term visa applications","Received","29/02/2024","China","3294","3673","4198","2561","3190","4347","6834","471"
"long term visa applications","Received","29/02/2024","Colombia","123","160","152","67","136","451","316","35"
"long term visa applications","Received","29/02/2024","Comoros (the)","0","0","*","0","0","0","*","0"
"long term visa applications","Received","29/02/2024","Congo (the Democratic Republic of the)","69","49","155","114","70","90","94","27"
"long term visa applications","Received","29/02/2024","Congo (the)","*","10","16","*","*","8","11","*"
"long term visa applications","Received","29/02/2024","Côte d'Ivoire","14","12","7","9","15","20","22","7"
"long term visa applications","Received","29/02/2024","Cuba","11","10","20","10","4","25","23","*"
"long term visa applications","Received","29/02/2024","Djibouti","*","*","0","0","0","*","0","0"
"long term visa applications","Received","29/02/2024","Dominican Republic (the)","6","12","16","4","10","16","18","0"
"long term visa applications","Received","29/02/2024","Ecuador","33","25","28","12","21","76","54","12"
"long term visa applications","Received","29/02/2024","Egypt","586","559","500","389","387","740","479","72"
"long term visa applications","Received","29/02/2024","Equatorial Guinea","4","0","0","0","0","*","0","0"
"long term visa applications","Received","29/02/2024","Eritrea","6","6","24","12","20","6","15","0"
"long term visa applications","Received","29/02/2024","Ethiopia","68","57","85","31","105","60","73","5"
"long term visa applications","Received","29/02/2024","Faroe Islands (the)","0","0","0","0","0","0","0","0"
"long term visa applications","Received","29/02/2024","Gabon","*","*","0","*","5","7","*","*"
"long term visa applications","Received","29/02/2024","Gambia (the)","*","10","*","*","*","7","21","*"
"long term visa applications","Received","29/02/2024","Georgia","39","43","54","25","54","144","90","4"
"long term visa applications","Received","29/02/2024","Ghana","111","123","151","130","188","288","613","115"
"long term visa applications","Received","29/02/2024","Guinea","10","17","7","5","13","39","19","*"
"long term visa applications","Received","29/02/2024","Guinea-Bissau","*","0","*","*","*","*","0","0"
"long term visa applications","Received","29/02/2024","Haiti","4","*","5","4","0","7","*","0"
"long term visa applications","Received","29/02/2024","India","8136","9545","11970","9085","15607","26291","28359","3581"
"long term visa applications","Received","29/02/2024","Indonesia","83","91","107","88","169","238","214","15"
"long term visa applications","Received","29/02/2024","Iran (Islamic Republic of)","167","206","257","182","257","492","348","45"
"long term visa applications","Received","29/02/2024","Iraq","174","132","109","59","82","112","94","6"
"long term visa applications","Received","29/02/2024","Jamaica","12","8","7","9","13","14","8","0"
"long term visa applications","Received","29/02/2024","Jordan","64","84","121","93","133","159","130","11"
"long term visa applications","Received","29/02/2024","Kazakhstan","52","59","99","60","65","143","134","22"
"long term visa applications","Received","29/02/2024","Kenya","77","82","103","105","162","377","464","62"
"long term visa applications","Received","29/02/2024","Korea (the Democratic People's Republic of) North Korea","0","0","0","0","0","0","0","0"
"long term visa applications","Received","29/02/2024","Kosovo","16","11","77","147","48","35","41","7"
"long term visa applications","Received","29/02/2024","Kuwait","438","449","337","191","437","387","346","29"
"long term visa applications","Received","29/02/2024","Kyrgyzstan","12","17","14","8","14","101","48","11"
"long term visa applications","Received","29/02/2024","Lao People's Democratic Republic (the)","*","*","*","*","5","6","*","0"
"long term visa applications","Received","29/02/2024","Lebanon","61","63","61","71","111","171","68","5"
"long term visa applications","Received","29/02/2024","Liberia","4","*","0","*","4","11","16","*"
"long term visa applications","Received","29/02/2024","Libya","65","60","71","43","50","66","43","6"
"long term visa applications","Received","29/02/2024","Madagascar","6","4","4","*","*","*","*","*"
"long term visa applications","Received","29/02/2024","Malawi","30","41","37","26","42","92","73","5"
"long term visa applications","Received","29/02/2024","Mali","*","*","*","0","*","*","0","*"
"long term visa applications","Received","29/02/2024","Marshall Islands (the)","0","0","0","0","0","0","0","0"
"long term visa applications","Received","29/02/2024","Mauritania","0","4","0","0","0","*","*","*"
"long term visa applications","Received","29/02/2024","Mauritius","52","46","39","29","53","87","91","*"
"long term visa applications","Received","29/02/2024","Micronesia (Federated States of)","0","0","0","0","0","0","0","0"
"long term visa applications","Received","29/02/2024","Moldova (the Republic of)","10","29","59","72","76","106","50","*"
"long term visa applications","Received","29/02/2024","Mongolia","129","322","489","128","471","1692","1177","193"
"long term visa applications","Received","29/02/2024","Montenegro","*","4","6","0","*","4","8","0"
"long term visa applications","Received","29/02/2024","Morocco","112","119","151","80","124","206","310","81"
"long term visa applications","Received","29/02/2024","Mozambique","*","*","10","6","10","17","19","5"
"long term visa applications","Received","29/02/2024","Myanmar","13","10","23","7","15","39","35","*"
"long term visa applications","Received","29/02/2024","Namibia","5","*","11","11","17","17","6","*"
"long term visa applications","Received","29/02/2024","Nepal","93","72","152","50","143","370","415","58"
"long term visa applications","Received","29/02/2024","Niger (the)","*","*","0","*","0","0","0","0"
"long term visa applications","Received","29/02/2024","Nigeria","875","1302","1846","1100","1567","2137","2507","230"
"long term visa applications","Received","29/02/2024","North Macedonia","9","6","13","15","12","31","14","*"
"long term visa applications","Received","29/02/2024","Oman","211","232","194","174","167","124","101","7"
"long term visa applications","Received","29/02/2024","Pakistan","1592","1399","1437","1168","1544","3492","4740","916"
"long term visa applications","Received","29/02/2024","Palau","0","0","0","0","*","0","*","0"
"long term visa applications","Received","29/02/2024","Palestine, State of","37","54","58","50","93","92","115","66"
"long term visa applications","Received","29/02/2024","Papua New Guinea","0","0","0","0","*","0","7","0"
"long term visa applications","Received","29/02/2024","Peru","53","42","50","16","53","135","72","14"
"long term visa applications","Received","29/02/2024","Philippines (the)","1188","1069","1434","893","1136","2968","3693","619"
"long term visa applications","Received","29/02/2024","Qatar","*","4","5","9","23","11","24","0"
"long term visa applications","Received","29/02/2024","Russian Federation (the)","560","678","800","516","607","1710","671","36"
"long term visa applications","Received","29/02/2024","Rwanda","5","*","11","4","15","20","23","5"
"long term visa applications","Received","29/02/2024","Sao Tome and Principe","0","0","0","0","*","0","0","0"
"long term visa applications","Received","29/02/2024","Saudi Arabia","999","1007","691","526","597","467","403","20"
"long term visa applications","Received","29/02/2024","Senegal","4","9","9","6","9","24","11","*"
"long term visa applications","Received","29/02/2024","Serbia","53","57","49","54","45","70","45","9"
"long term visa applications","Received","29/02/2024","Sierra Leone","12","7","4","11","30","22","33","*"
"long term visa applications","Received","29/02/2024","Somalia","138","78","98","55","138","201","273","26"
"long term visa applications","Received","29/02/2024","South Sudan","*","*","*","8","5","5","4","0"
"long term visa applications","Received","29/02/2024","Sri Lanka","71","92","160","112","182","624","729","83"
"long term visa applications","Received","29/02/2024","Sudan (the)","334","286","429","436","485","644","686","102"
"long term visa applications","Received","29/02/2024","Suriname","*","0","0","*","0","0","*","0"
"long term visa applications","Received","29/02/2024","Syrian Arab Republic (the)","231","185","320","161","104","156","88","17"
"long term visa applications","Received","29/02/2024","Tajikistan","*","0","*","*","*","29","8","*"
"long term visa applications","Received","29/02/2024","Tanzania, the United Republic of","22","24","31","29","29","63","78","23"
"long term visa applications","Received","29/02/2024","Thailand","171","227","376","94","107","475","361","38"
"long term visa applications","Received","29/02/2024","Timor-Leste","0","0","*","*","*","*","*","0"
"long term visa applications","Received","29/02/2024","Togo","11","13","15","4","15","32","11","4"
"long term visa applications","Received","29/02/2024","Tunisia","55","45","47","50","61","143","86","20"
"long term visa applications","Received","29/02/2024","Turkiye","858","1117","1846","1140","3173","4348","2672","281"
"long term visa applications","Received","29/02/2024","Turkmenistan","0","0","4","*","*","9","8","*"
"long term visa applications","Received","29/02/2024","Uganda","53","57","66","61","82","166","188","11"
"long term visa applications","Received","29/02/2024","Uzbekistan","15","16","24","24","13","71","46","5"
"long term visa applications","Received","29/02/2024","Venezuela (Bolivarian Republic of)","84","72","55","26","30","56","54","4"
"long term visa applications","Received","29/02/2024","Viet Nam","264","221","284","280","243","734","296","24"
"long term visa applications","Received","29/02/2024","Yemen","27","23","24","11","26","42","21","0"
"long term visa applications","Received","29/02/2024","Zambia","29","34","29","30","37","76","64","6"
"long term visa applications","Received","29/02/2024","Zimbabwe","169","257","282","340","657","1211","1411","289"
"long term visa applications","Received","29/02/2024","*Other","418","394","710","463","956","69","46","70"
"long term visa applications","Granted","29/02/2024","Afghanistan","153","108","149","114","284","194","656","116"
"long term visa applications","Granted","29/02/2024","Albania","28","31","36","14","50","57","37","*"
"long term visa applications","Granted","29/02/2024","Algeria","38","51","45","176","62","77","87","33"
"long term visa applications","Granted","29/02/2024","Angola","0","6","4","*","8","7","11","*"
"long term visa applications","Granted","29/02/2024","Armenia","15","23","12","13","17","30","22","*"
"long term visa applications","Granted","29/02/2024","Azerbaijan","12","18","15","12","26","34","24","0"
"long term visa applications","Granted","29/02/2024","Bahrain","24","20","24","8","34","29","22","0"
"long term visa applications","Granted","29/02/2024","Bangladesh","138","129","155","137","161","356","356","100"
"long term visa applications","Granted","29/02/2024","Belarus","40","49","51","41","65","138","88","4"
"long term visa applications","Granted","29/02/2024","Benin","*","4","*","*","*","10","*","0"
"long term visa applications","Granted","29/02/2024","Bhutan","*","0","0","0","*","0","*","0"
"long term visa applications","Granted","29/02/2024","Bosnia and Herzegovina","31","28","30","27","27","52","12","*"
"long term visa applications","Granted","29/02/2024","Burkina Faso","*","*","*","*","*","*","*","0"
"long term visa applications","Granted","29/02/2024","Burundi","9","6","4","0","6","*","16","*"
"long term visa applications","Granted","29/02/2024","Cabo Verde","*","*","0","*","0","*","*","0"
"long term visa applications","Granted","29/02/2024","Cambodia","6","*","6","5","5","43","10","0"
"long term visa applications","Granted","29/02/2024","Cameroon","30","22","39","19","39","50","42","8"
"long term visa applications","Granted","29/02/2024","Central African Republic (the)","4","0","0","0","0","*","0","0"
"long term visa applications","Granted","29/02/2024","Chad","0","*","0","0","0","*","0","0"
"long term visa applications","Granted","29/02/2024","China","3198","3418","3797","2436","3062","4063","6212","735"
"long term visa applications","Granted","29/02/2024","Colombia","68","84","83","56","76","270","287","32"
"long term visa applications","Granted","29/02/2024","Comoros (the)","0","0","0","*","0","0","0","0"
"long term visa applications","Granted","29/02/2024","Congo (the Democratic Republic of the)","59","42","134","107","53","66","60","16"
"long term visa applications","Granted","29/02/2024","Congo (the)","*","8","7","4","*","7","6","*"
"long term visa applications","Granted","29/02/2024","Côte d'Ivoire","6","*","4","5","11","16","14","*"
"long term visa applications","Granted","29/02/2024","Cuba","5","9","15","6","8","18","14","*"
"long term visa applications","Granted","29/02/2024","Djibouti","0","0","0","0","0","*","0","0"
"long term visa applications","Granted","29/02/2024","Dominican Republic (the)","4","7","12","5","9","11","9","*"
"long term visa applications","Granted","29/02/2024","Ecuador","24","15","19","12","15","31","40","5"
"long term visa applications","Granted","29/02/2024","Egypt","563","502","449","342","340","636","435","72"
"long term visa applications","Granted","29/02/2024","Equatorial Guinea","*","0","0","0","0","0","0","0"
"long term visa applications","Granted","29/02/2024","Eritrea","5","5","22","11","12","4","8","0"
"long term visa applications","Granted","29/02/2024","Ethiopia","60","49","65","27","79","58","44","5"
"long term visa applications","Granted","29/02/2024","Faroe Islands (the)","0","0","0","0","0","0","0","0"
"long term visa applications","Granted","29/02/2024","Gabon","*","0","0","*","*","*","*","*"
"long term visa applications","Granted","29/02/2024","Gambia (the)","*","5","*","*","*","4","10","*"
"long term visa applications","Granted","29/02/2024","Georgia","30","35","45","14","48","98","64","6"
"long term visa applications","Granted","29/02/2024","Ghana","77","67","104","86","87","245","479","79"
"long term visa applications","Granted","29/02/2024","Guinea","5","13","*","*","10","25","6","0"
"long term visa applications","Granted","29/02/2024","Guinea-Bissau","0","0","0","0","*","0","0","0"
"long term visa applications","Granted","29/02/2024","Haiti","4","*","*","4","0","5","*","0"
"long term visa applications","Granted","29/02/2024","India","6906","8575","12371","8963","14600","25385","24181","4828"
"long term visa applications","Granted","29/02/2024","Indonesia","73","86","91","78","157","231","200","14"
"long term visa applications","Granted","29/02/2024","Iran (Islamic Republic of)","108","122","229","157","197","355","279","55"
"long term visa applications","Granted","29/02/2024","Iraq","148","86","104","39","52","81","62","11"
"long term visa applications","Granted","29/02/2024","Jamaica","9","7","4","9","7","14","*","*"
"long term visa applications","Granted","29/02/2024","Jordan","56","78","90","75","94","137","125","12"
"long term visa applications","Granted","29/02/2024","Kazakhstan","49","54","73","53","62","103","86","15"
"long term visa applications","Granted","29/02/2024","Kenya","49","71","88","86","143","319","332","89"
"long term visa applications","Granted","29/02/2024","Korea (the Democratic People's Republic of) North Korea","0","0","0","0","0","0","0","0"
"long term visa applications","Granted","29/02/2024","Kosovo","8","14","43","79","13","31","35","7"
"long term visa applications","Granted","29/02/2024","Kuwait","436","454","306","159","417","372","331","56"
"long term visa applications","Granted","29/02/2024","Kyrgyzstan","7","11","6","8","13","48","19","8"
"long term visa applications","Granted","29/02/2024","Lao People's Democratic Republic (the)","*","0","*","*","5","4","*","0"
"long term visa applications","Granted","29/02/2024","Lebanon","58","58","55","65","94","173","58","9"
"long term visa applications","Granted","29/02/2024","Liberia","4","*","0","*","*","11","11","0"
"long term visa applications","Granted","29/02/2024","Libya","24","48","45","42","35","52","39","*"
"long term visa applications","Granted","29/02/2024","Madagascar","*","5","4","*","*","*","4","*"
"long term visa applications","Granted","29/02/2024","Malawi","18","20","19","14","36","64","43","0"
"long term visa applications","Granted","29/02/2024","Mali","*","*","*","0","*","*","*","0"
"long term visa applications","Granted","29/02/2024","Marshall Islands (the)","0","0","0","0","0","0","0","0"
"long term visa applications","Granted","29/02/2024","Mauritania","0","*","0","0","0","0","0","0"
"long term visa applications","Granted","29/02/2024","Mauritius","29","37","24","29","36","65","38","6"
"long term visa applications","Granted","29/02/2024","Micronesia (Federated States of)","0","0","0","0","0","0","0","0"
"long term visa applications","Granted","29/02/2024","Moldova (the Republic of)","7","21","39","50","47","107","36","5"
"long term visa applications","Granted","29/02/2024","Mongolia","70","202","270","38","269","1328","976","309"
"long term visa applications","Granted","29/02/2024","Montenegro","*","*","4","0","*","5","6","*"
"long term visa applications","Granted","29/02/2024","Morocco","71","88","93","72","78","141","191","94"
"long term visa applications","Granted","29/02/2024","Mozambique","0","*","9","7","7","16","17","0"
"long term visa applications","Granted","29/02/2024","Myanmar","12","11","14","5","18","18","31","*"
"long term visa applications","Granted","29/02/2024","Namibia","*","*","11","7","16","17","*","*"
"long term visa applications","Granted","29/02/2024","Nepal","54","53","87","52","94","223","263","56"
"long term visa applications","Granted","29/02/2024","Niger (the)","0","0","*","*","0","0","0","0"
"long term visa applications","Granted","29/02/2024","Nigeria","589","836","1194","838","959","1630","1743","149"
"long term visa applications","Granted","29/02/2024","North Macedonia","13","6","10","9","9","23","17","*"
"long term visa applications","Granted","29/02/2024","Oman","211","223","193","165","167","123","91","8"
"long term visa applications","Granted","29/02/2024","Pakistan","1212","1020","932","862","1332","2468","3094","563"
"long term visa applications","Granted","29/02/2024","Palau","0","0","0","0","*","0","0","0"
"long term visa applications","Granted","29/02/2024","Palestine, State of","37","38","50","48","85","79","76","55"
"long term visa applications","Granted","29/02/2024","Papua New Guinea","0","0","0","0","*","0","4","0"
"long term visa applications","Granted","29/02/2024","Peru","37","25","33","16","22","96","52","7"
"long term visa applications","Granted","29/02/2024","Philippines (the)","1087","1068","1315","757","1109","2416","3411","408"
"long term visa applications","Granted","29/02/2024","Qatar","*","4","5","9","22","10","23","*"
"long term visa applications","Granted","29/02/2024","Russian Federation (the)","497","599","736","434","561","1490","684","40"
"long term visa applications","Granted","29/02/2024","Rwanda","*","0","9","*","11","13","12","7"
"long term visa applications","Granted","29/02/2024","Sao Tome and Principe","0","0","0","0","*","0","0","0"
"long term visa applications","Granted","29/02/2024","Saudi Arabia","945","966","705","495","585","469","382","28"
"long term visa applications","Granted","29/02/2024","Senegal","*","*","5","*","9","19","8","0"
"long term visa applications","Granted","29/02/2024","Serbia","53","54","50","48","41","63","40","*"
"long term visa applications","Granted","29/02/2024","Sierra Leone","6","5","*","8","23","19","23","*"
"long term visa applications","Granted","29/02/2024","Somalia","131","64","82","34","96","156","219","12"
"long term visa applications","Granted","29/02/2024","South Sudan","*","*","0","6","5","5","*","0"
"long term visa applications","Granted","29/02/2024","Sri Lanka","53","76","129","102","152","537","610","144"
"long term visa applications","Granted","29/02/2024","Sudan (the)","312","276","388","407","448","554","601","110"
"long term visa applications","Granted","29/02/2024","Suriname","*","0","0","*","0","0","0","0"
"long term visa applications","Granted","29/02/2024","Syrian Arab Republic (the)","188","184","293","154","86","107","64","20"
"long term visa applications","Granted","29/02/2024","Tajikistan","*","0","0","*","0","26","7","0"
"long term visa applications","Granted","29/02/2024","Tanzania, the United Republic of","16","16","19","22","23","59","65","15"
"long term visa applications","Granted","29/02/2024","Thailand","140","158","308","118","93","421","342","30"
"long term visa applications","Granted","29/02/2024","Timor-Leste","0","0","*","*","*","*","*","0"
"long term visa applications","Granted","29/02/2024","Togo","*","16","5","*","7","21","7","*"
"long term visa applications","Granted","29/02/2024","Tunisia","39","32","32","38","49","113","69","17"
"long term visa applications","Granted","29/02/2024","Turkiye","792","965","1526","825","1633","2940","1588","191"
"long term visa applications","Granted","29/02/2024","Turkmenistan","0","0","*","0","*","5","6","*"
"long term visa applications","Granted","29/02/2024","Uganda","44","53","49","52","62","144","136","21"
"long term visa applications","Granted","29/02/2024","Uzbekistan","11","14","12","15","19","36","33","*"
"long term visa applications","Granted","29/02/2024","Venezuela (Bolivarian Republic of)","49","37","26","21","21","39","33","5"
"long term visa applications","Granted","29/02/2024","Viet Nam","183","188","209","239","193","428","191","26"
"long term visa applications","Granted","29/02/2024","Yemen","19","22","10","8","23","36","18","*"
"long term visa applications","Granted","29/02/2024","Zambia","20","21","21","22","33","66","53","*"
"long term visa applications","Granted","29/02/2024","Zimbabwe","133","245","234","280","624","1140","1154","179"
"long term visa applications","Granted","29/02/2024","*Other","365","331","661","404","766","68","12","9"
"long term visa applications","Refused","29/02/2024","Afghanistan","42","44","35","23","118","306","223","23"
"long term visa applications","Refused","29/02/2024","Albania","13","17","24","22","26","21","17","5"
"long term visa applications","Refused","29/02/2024","Algeria","32","13","23","15","15","60","83","25"
"long term visa applications","Refused","29/02/2024","Angola","5","*","*","5","*","8","4","6"
"long term visa applications","Refused","29/02/2024","Armenia","*","4","*","0","0","*","*","0"
"long term visa applications","Refused","29/02/2024","Azerbaijan","5","*","8","*","*","0","14","*"
"long term visa applications","Refused","29/02/2024","Bahrain","*","*","*","*","*","*","*","0"
"long term visa applications","Refused","29/02/2024","Bangladesh","63","112","88","51","61","120","131","33"
"long term visa applications","Refused","29/02/2024","Belarus","*","7","9","6","*","8","9","0"
"long term visa applications","Refused","29/02/2024","Benin","0","*","*","0","*","*","*","0"
"long term visa applications","Refused","29/02/2024","Bhutan","0","0","0","0","*","0","0","0"
"long term visa applications","Refused","29/02/2024","Bosnia and Herzegovina","10","6","8","4","7","7","*","*"
"long term visa applications","Refused","29/02/2024","Burkina Faso","0","*","*","0","6","0","*","*"
"long term visa applications","Refused","29/02/2024","Burundi","*","0","0","0","*","0","*","0"
"long term visa applications","Refused","29/02/2024","Cabo Verde","0","*","0","0","0","0","0","0"
"long term visa applications","Refused","29/02/2024","Cambodia","0","*","0","0","*","24","20","0"
"long term visa applications","Refused","29/02/2024","Cameroon","16","35","28","16","26","27","87","4"
"long term visa applications","Refused","29/02/2024","Central African Republic (the)","0","0","0","0","0","0","0","0"
"long term visa applications","Refused","29/02/2024","Chad","0","*","0","0","0","0","0","0"
"long term visa applications","Refused","29/02/2024","China","112","273","251","259","138","145","339","68"
"long term visa applications","Refused","29/02/2024","Colombia","54","82","78","21","27","183","90","7"
"long term visa applications","Refused","29/02/2024","Comoros (the)","0","0","0","0","0","0","0","0"
"long term visa applications","Refused","29/02/2024","Congo (the Democratic Republic of the)","16","13","18","6","22","12","29","*"
"long term visa applications","Refused","29/02/2024","Congo (the)","*","*","6","*","*","0","*","*"
"long term visa applications","Refused","29/02/2024","Côte d'Ivoire","7","10","4","4","5","6","9","*"
"long term visa applications","Refused","29/02/2024","Cuba","*","7","6","*","0","7","*","*"
"long term visa applications","Refused","29/02/2024","Djibouti","*","0","*","0","0","0","0","0"
"long term visa applications","Refused","29/02/2024","Dominican Republic (the)","*","5","*","*","*","0","4","*"
"long term visa applications","Refused","29/02/2024","Ecuador","5","8","16","*","4","40","18","0"
"long term visa applications","Refused","29/02/2024","Egypt","39","32","37","44","36","65","84","15"
"long term visa applications","Refused","29/02/2024","Equatorial Guinea","0","*","0","0","0","0","*","0"
"long term visa applications","Refused","29/02/2024","Eritrea","0","*","0","*","*","6","*","0"
"long term visa applications","Refused","29/02/2024","Ethiopia","11","11","14","7","13","18","9","4"
"long term visa applications","Refused","29/02/2024","Faroe Islands (the)","0","0","0","0","0","0","0","0"
"long term visa applications","Refused","29/02/2024","Gabon","0","*","0","0","*","*","*","0"
"long term visa applications","Refused","29/02/2024","Gambia (the)","0","*","4","*","*","*","6","*"
"long term visa applications","Refused","29/02/2024","Georgia","20","12","12","8","6","26","24","*"
"long term visa applications","Refused","29/02/2024","Ghana","37","47","53","56","97","53","110","10"
"long term visa applications","Refused","29/02/2024","Guinea","6","5","5","*","4","7","9","*"
"long term visa applications","Refused","29/02/2024","Guinea-Bissau","0","*","*","0","*","*","0","0"
"long term visa applications","Refused","29/02/2024","Haiti","0","0","*","*","0","*","0","0"
"long term visa applications","Refused","29/02/2024","India","856","646","479","247","408","1072","1970","558"
"long term visa applications","Refused","29/02/2024","Indonesia","8","19","4","*","9","4","11","4"
"long term visa applications","Refused","29/02/2024","Iran (Islamic Republic of)","23","89","32","17","37","73","77","6"
"long term visa applications","Refused","29/02/2024","Iraq","83","43","22","17","16","28","18","*"
"long term visa applications","Refused","29/02/2024","Jamaica","*","4","*","0","*","*","*","*"
"long term visa applications","Refused","29/02/2024","Jordan","8","5","27","14","31","28","18","*"
"long term visa applications","Refused","29/02/2024","Kazakhstan","8","5","27","8","0","18","35","*"
"long term visa applications","Refused","29/02/2024","Kenya","18","25","9","5","30","45","52","28"
"long term visa applications","Refused","29/02/2024","Korea (the Democratic People's Republic of) North Korea","0","0","0","0","0","0","0","0"
"long term visa applications","Refused","29/02/2024","Kosovo","*","8","11","53","56","5","10","0"
"long term visa applications","Refused","29/02/2024","Kuwait","7","5","25","26","7","6","10","*"
"long term visa applications","Refused","29/02/2024","Kyrgyzstan","6","6","8","*","0","37","31","*"
"long term visa applications","Refused","29/02/2024","Lao People's Democratic Republic (the)","0","*","0","0","0","*","0","0"
"long term visa applications","Refused","29/02/2024","Lebanon","8","5","4","*","7","4","10","0"
"long term visa applications","Refused","29/02/2024","Liberia","*","0","*","0","0","0","0","0"
"long term visa applications","Refused","29/02/2024","Libya","23","17","27","7","12","13","19","*"
"long term visa applications","Refused","29/02/2024","Madagascar","0","0","0","0","0","0","0","0"
"long term visa applications","Refused","29/02/2024","Malawi","14","18","16","14","10","12","32","7"
"long term visa applications","Refused","29/02/2024","Mali","0","0","0","0","0","0","0","*"
"long term visa applications","Refused","29/02/2024","Marshall Islands (the)","0","0","0","0","0","0","0","0"
"long term visa applications","Refused","29/02/2024","Mauritania","0","*","0","0","0","*","*","*"
"long term visa applications","Refused","29/02/2024","Mauritius","15","19","14","5","11","22","31","12"
"long term visa applications","Refused","29/02/2024","Micronesia (Federated States of)","0","0","0","0","0","0","0","0"
"long term visa applications","Refused","29/02/2024","Moldova (the Republic of)","10","7","17","*","15","32","8","0"
"long term visa applications","Refused","29/02/2024","Mongolia","57","124","216","104","131","427","155","31"
"long term visa applications","Refused","29/02/2024","Montenegro","0","*","*","*","0","0","0","0"
"long term visa applications","Refused","29/02/2024","Morocco","40","29","45","27","36","47","108","32"
"long term visa applications","Refused","29/02/2024","Mozambique","*","*","*","*","*","0","0","0"
"long term visa applications","Refused","29/02/2024","Myanmar","0","*","5","*","*","15","9","0"
"long term visa applications","Refused","29/02/2024","Namibia","*","*","0","0","*","0","*","*"
"long term visa applications","Refused","29/02/2024","Nepal","18","39","77","24","20","140","170","19"
"long term visa applications","Refused","29/02/2024","Niger (the)","*","*","0","0","0","0","0","0"
"long term visa applications","Refused","29/02/2024","Nigeria","208","366","723","585","579","594","1098","83"
"long term visa applications","Refused","29/02/2024","North Macedonia","*","0","0","*","*","*","*","0"
"long term visa applications","Refused","29/02/2024","Oman","*","7","5","4","10","6","8","0"
"long term visa applications","Refused","29/02/2024","Pakistan","705","732","561","338","386","586","1299","412"
"long term visa applications","Refused","29/02/2024","Palau","0","0","0","0","0","0","0","0"
"long term visa applications","Refused","29/02/2024","Palestine, State of","6","13","12","*","8","9","24","19"
"long term visa applications","Refused","29/02/2024","Papua New Guinea","0","0","0","0","0","0","0","0"
"long term visa applications","Refused","29/02/2024","Peru","23","27","18","*","*","59","29","*"
"long term visa applications","Refused","29/02/2024","Philippines (the)","79","130","109","83","96","130","179","39"
"long term visa applications","Refused","29/02/2024","Qatar","0","0","0","0","0","0","0","0"
"long term visa applications","Refused","29/02/2024","Russian Federation (the)","35","52","77","35","26","43","54","4"
"long term visa applications","Refused","29/02/2024","Rwanda","*","0","*","0","*","5","6","0"
"long term visa applications","Refused","29/02/2024","Sao Tome and Principe","0","0","0","0","0","0","0","0"
"long term visa applications","Refused","29/02/2024","Saudi Arabia","12","22","15","7","4","0","*","0"
"long term visa applications","Refused","29/02/2024","Senegal","*","*","5","*","*","4","4","0"
"long term visa applications","Refused","29/02/2024","Serbia","8","4","*","*","4","5","4","0"
"long term visa applications","Refused","29/02/2024","Sierra Leone","7","*","*","*","4","4","11","0"
"long term visa applications","Refused","29/02/2024","Somalia","14","17","7","18","32","22","19","7"
"long term visa applications","Refused","29/02/2024","South Sudan","0","*","0","*","0","0","0","0"
"long term visa applications","Refused","29/02/2024","Sri Lanka","15","18","26","22","20","63","44","20"
"long term visa applications","Refused","29/02/2024","Sudan (the)","32","16","27","21","31","48","57","20"
"long term visa applications","Refused","29/02/2024","Suriname","0","0","0","0","0","0","0","0"
"long term visa applications","Refused","29/02/2024","Syrian Arab Republic (the)","26","10","19","14","15","26","37","4"
"long term visa applications","Refused","29/02/2024","Tajikistan","*","0","*","0","*","*","*","0"
"long term visa applications","Refused","29/02/2024","Tanzania, the United Republic of","4","12","7","8","4","8","8","*"
"long term visa applications","Refused","29/02/2024","Thailand","30","87","75","18","18","27","32","6"
"long term visa applications","Refused","29/02/2024","Timor-Leste","0","0","0","0","0","0","0","0"
"long term visa applications","Refused","29/02/2024","Togo","*","*","10","4","4","11","5","*"
"long term visa applications","Refused","29/02/2024","Tunisia","17","13","13","13","7","22","30","4"
"long term visa applications","Refused","29/02/2024","Turkiye","97","141","178","90","47","214","1090","111"
"long term visa applications","Refused","29/02/2024","Turkmenistan","0","0","*","*","*","*","0","0"
"long term visa applications","Refused","29/02/2024","Uganda","5","10","12","*","10","25","41","4"
"long term visa applications","Refused","29/02/2024","Uzbekistan","*","*","4","6","0","20","14","*"
"long term visa applications","Refused","29/02/2024","Venezuela (Bolivarian Republic of)","34","44","21","12","*","12","24","*"
"long term visa applications","Refused","29/02/2024","Viet Nam","109","62","54","39","37","118","63","12"
"long term visa applications","Refused","29/02/2024","Yemen","9","*","9","9","10","*","8","0"
"long term visa applications","Refused","29/02/2024","Zambia","8","14","8","6","11","6","6","*"
"long term visa applications","Refused","29/02/2024","Zimbabwe","25","36","33","23","42","54","109","13"
"long term visa applications","Refused","29/02/2024","*Other","44","44","68","36","47","13","10","18"
